,Borough,2010 Census Tract Number:,Total Low-Income Units:
0,BRONX,221.01,132.0
1,BRONX,89.0,18.0
2,BRONX,52.0,17.0
3,BRONX,117.0,143.0
4,BRONX,241.0,61.0
5,BRONX,235.02,50.0
6,BRONX,161.0,79.0
7,BRONX,173.0,99.0
8,BRONX,383.01,161.0
9,BRONX,183.02,25.0
10,BRONX,189.0,24.0
11,BRONX,181.01,41.0
12,BRONX,245.02,80.0
13,BRONX,77.0,44.0
14,BRONX,83.0,53.0
15,BRONX,383.01,73.0
16,BRONX,177.01,33.0
17,BRONX,83.0,17.0
18,BRONX,135.0,42.0
19,BRONX,87.0,58.0
20,BRONX,221.01,24.0
21,BRONX,393.0,41.0
22,BRONX,221.02,44.0
23,BRONX,60.0,58.0
24,BRONX,121.01,110.0
25,BRONX,227.01,78.0
26,BRONX,229.01,20.0
27,BRONX,73.0,24.0
28,BRONX,67.0,45.0
29,BRONX,193.0,57.0
30,BRONX,215.02,16.0
31,BRONX,221.01,73.0
32,BRONX,161.0,71.0
33,BRONX,151.0,52.0
34,BRONX,369.01,38.0
35,BRONX,185.0,67.0
36,BRONX,79.0,61.0
37,BRONX,245.01,25.0
38,BRONX,153.0,45.0
39,BRONX,67.0,51.0
40,BRONX,369.02,34.0
41,BRONX,77.0,13.0
42,BRONX,155.0,51.0
43,BRONX,241.0,39.0
44,BRONX,83.0,21.0
45,BRONX,157.0,59.0
46,BRONX,181.02,85.0
47,BRONX,215.02,76.0
48,BRONX,65.0,20.0
49,BRONX,183.02,26.0
50,BRONX,131.0,68.0
51,BRONX,185.0,41.0
52,BRONX,169.0,12.0
53,BRONX,157.0,64.0
54,BRONX,65.0,40.0
55,BRONX,157.0,24.0
56,BRONX,185.0,89.0
57,BRONX,205.02,17.0
58,BRONX,151.0,53.0
59,BRONX,129.01,68.0
60,BRONX,239.0,83.0
61,BRONX,233.02,33.0
62,BRONX,385.0,19.0
63,BRONX,379.0,66.0
64,BRONX,,67.0
65,BRONX,237.02,70.0
66,BRONX,173.0,16.0
67,BRONX,193.0,25.0
68,BRONX,185.0,18.0
69,BRONX,217.0,39.0
70,BRONX,373.0,62.0
71,BRONX,,34.0
72,BRONX,213.02,43.0
73,BRONX,65.0,35.0
74,BRONX,442.0,55.0
75,BRONX,217.0,79.0
76,BRONX,151.0,14.0
77,BRONX,213.02,28.0
78,BRONX,167.0,18.0
79,BRONX,75.0,79.0
80,BRONX,237.03,87.0
81,BRONX,197.0,131.0
82,BRONX,39.0,24.0
83,BRONX,151.0,44.0
84,BRONX,373.0,71.0
85,BRONX,151.0,29.0
86,BRONX,391.0,55.0
87,BRONX,363.0,63.0
88,BRONX,365.02,123.0
89,BRONX,115.02,9.0
90,BRONX,115.02,16.0
91,BRONX,93.0,4.0
92,BRONX,83.0,16.0
93,BRONX,93.0,4.0
94,BRONX,115.02,11.0
95,BRONX,115.02,13.0
96,BRONX,39.0,7.0
97,BRONX,385.0,35.0
98,BRONX,243.0,37.0
99,BRONX,143.0,29.0
100,BRONX,141.0,20.0
101,BRONX,189.0,40.0
102,BRONX,383.02,20.0
103,BRONX,235.02,24.0
104,BRONX,39.0,65.0
105,BRONX,39.0,31.0
106,BRONX,119.0,41.0
107,BRONX,173.0,33.0
108,BRONX,147.02,41.0
109,BRONX,371.0,85.0
110,BRONX,123.0,124.0
111,BRONX,217.0,43.0
112,BRONX,125.0,13.0
113,BRONX,121.01,8.0
114,BRONX,125.0,6.0
115,BRONX,123.0,83.0
116,BRONX,121.01,10.0
117,BRONX,115.02,17.0
118,BRONX,115.02,56.0
119,BRONX,115.02,17.0
120,BRONX,115.02,18.0
121,BRONX,407.02,59.0
122,BRONX,269.0,53.0
123,BRONX,,85.0
124,BRONX,43.0,78.0
125,BRONX,241.0,18.0
126,BRONX,195.0,125.0
127,BRONX,125.0,19.0
128,BRONX,121.01,9.0
129,BRONX,125.0,7.0
130,BRONX,125.0,21.0
131,BRONX,131.0,67.0
132,BRONX,217.0,40.0
133,BRONX,245.02,52.0
134,BRONX,67.0,82.0
135,BRONX,195.0,125.0
136,BRONX,141.0,24.0
137,BRONX,181.01,49.0
138,BRONX,177.02,15.0
139,BRONX,239.0,3.0
140,BRONX,235.01,23.0
141,BRONX,235.01,27.0
142,BRONX,185.0,12.0
143,BRONX,185.0,6.0
144,BRONX,149.0,12.0
145,BRONX,185.0,10.0
146,BRONX,131.0,79.0
147,BRONX,133.0,57.0
148,BRONX,177.02,17.0
149,BRONX,181.02,18.0
150,BRONX,27.01,58.0
151,BRONX,149.0,58.0
152,BRONX,48.0,60.0
153,BRONX,375.04,111.0
154,BRONX,185.0,13.0
155,BRONX,185.0,12.0
156,BRONX,185.0,13.0
157,BRONX,185.0,12.0
158,BRONX,243.0,8.0
159,BRONX,245.02,59.0
160,BRONX,383.02,130.0
161,BRONX,87.0,52.0
162,BRONX,119.0,13.0
163,BRONX,119.0,11.0
164,BRONX,54.0,11.0
165,BRONX,56.0,4.0
166,BRONX,50.02,4.0
167,BRONX,50.02,4.0
168,BRONX,43.0,33.0
169,BRONX,425.0,6.0
170,BRONX,253.0,16.0
171,BRONX,239.0,28.0
172,BRONX,185.0,15.0
173,BRONX,149.0,15.0
174,BRONX,149.0,14.0
175,BRONX,69.0,60.0
176,BRONX,365.01,89.0
177,BRONX,201.0,98.0
178,BRONX,363.0,103.0
179,BRONX,153.0,7.0
180,BRONX,151.0,17.0
181,BRONX,189.0,119.0
182,BRONX,149.0,86.0
183,BRONX,220.0,83.0
184,BRONX,181.01,28.0
185,BRONX,195.0,15.0
186,BRONX,27.02,12.0
187,BRONX,39.0,8.0
188,BRONX,185.0,51.0
189,BRONX,215.02,1.0
190,BRONX,217.0,8.0
191,BRONX,217.0,19.0
192,BRONX,125.0,36.0
193,BRONX,85.0,2.0
194,BRONX,83.0,6.0
195,BRONX,83.0,3.0
196,BRONX,87.0,8.0
197,BRONX,175.0,6.0
198,BRONX,220.0,90.0
199,BRONX,62.0,4.0
200,BRONX,54.0,4.0
201,BRONX,119.0,15.0
202,BRONX,62.0,3.0
203,BRONX,54.0,10.0
204,BRONX,54.0,2.0
205,BRONX,62.0,4.0
206,BRONX,153.0,80.0
207,BRONX,221.01,62.0
208,BRONX,177.01,9.0
209,BRONX,177.02,16.0
210,BRONX,359.0,45.0
211,BRONX,169.0,45.0
212,BRONX,85.0,105.0
213,BRONX,129.01,70.0
214,BRONX,189.0,33.0
215,BRONX,211.0,81.0
216,BRONX,131.0,18.0
217,BRONX,131.0,18.0
218,BRONX,131.0,12.0
219,BRONX,127.01,6.0
220,BRONX,131.0,19.0
221,BRONX,131.0,14.0
222,BRONX,19.0,115.0
223,BRONX,,33.0
224,BRONX,211.0,114.0
225,BRONX,123.0,15.0
226,BRONX,251.0,37.0
227,BRONX,379.0,68.0
228,BRONX,145.0,99.0
229,BRONX,151.0,20.0
230,BRONX,83.0,7.0
231,BRONX,131.0,7.0
232,BRONX,89.0,13.0
233,BRONX,177.01,9.0
234,BRONX,177.01,8.0
235,BRONX,177.01,8.0
236,BRONX,175.0,70.0
237,BRONX,241.0,91.0
238,BRONX,177.01,10.0
239,BRONX,175.0,40.0
240,BRONX,175.0,11.0
241,BRONX,177.01,17.0
242,BRONX,143.0,6.0
243,BRONX,177.01,9.0
244,BRONX,125.0,66.0
245,BRONX,375.04,73.0
246,BRONX,213.02,89.0
247,BRONX,179.02,73.0
248,BRONX,83.0,76.0
249,BRONX,39.0,13.0
250,BRONX,27.02,6.0
251,BRONX,195.0,60.0
252,BRONX,185.0,74.0
253,BRONX,129.01,2.0
254,BRONX,73.0,82.0
255,BRONX,167.0,9.0
256,BRONX,155.0,15.0
257,BRONX,155.0,6.0
258,BRONX,167.0,6.0
259,BRONX,157.0,15.0
260,BRONX,243.0,79.0
261,BRONX,25.0,94.0
262,BRONX,131.0,67.0
263,BRONX,155.0,15.0
264,BRONX,155.0,16.0
265,BRONX,147.01,14.0
266,BRONX,167.0,13.0
267,BRONX,221.02,64.0
268,BRONX,149.0,65.0
269,BRONX,363.0,79.0
270,BRONX,185.0,135.0
271,BRONX,153.0,94.0
272,BRONX,69.0,123.0
273,BRONX,133.0,6.0
274,BRONX,185.0,5.0
275,BRONX,185.0,2.0
276,BRONX,185.0,5.0
277,BRONX,185.0,5.0
278,BRONX,185.0,3.0
279,BRONX,185.0,3.0
280,BRONX,185.0,4.0
281,BRONX,185.0,4.0
282,BRONX,153.0,4.0
283,BRONX,149.0,6.0
284,BRONX,43.0,6.0
285,BRONX,25.0,5.0
286,BRONX,77.0,15.0
287,BRONX,193.0,25.0
288,BRONX,135.0,25.0
289,BRONX,31.0,5.0
290,BRONX,129.01,50.0
291,BRONX,229.02,52.0
292,BRONX,135.0,59.0
293,BRONX,69.0,166.0
294,BRONX,69.0,166.0
295,BRONX,177.02,97.0
296,BRONX,201.0,59.0
297,BRONX,33.0,190.0
298,BRONX,189.0,88.0
299,BRONX,215.01,30.0
300,BRONX,215.01,21.0
301,BRONX,43.0,81.0
302,BRONX,129.01,21.0
303,BRONX,185.0,59.0
304,BRONX,,54.0
305,BRONX,374.0,72.0
306,BRONX,213.02,65.0
307,BRONX,375.04,87.0
308,BRONX,153.0,94.0
309,BRONX,69.0,164.0
310,BRONX,119.0,163.0
311,BRONX,167.0,46.0
312,BRONX,125.0,35.0
313,BRONX,119.0,135.0
314,BRONX,211.0,129.0
315,BRONX,385.0,70.0
316,BRONX,141.0,110.0
317,BRONX,129.01,160.0
318,BRONX,395.0,117.0
319,BRONX,243.0,82.0
320,BRONX,243.0,39.0
321,BRONX,215.02,206.0
322,BRONX,215.02,47.0
323,BRONX,215.01,79.0
324,BRONX,215.01,29.0
325,BRONX,359.0,95.0
326,BRONX,189.0,39.0
327,BRONX,151.0,42.0
328,BRONX,217.0,74.0
329,BRONX,381.0,113.0
330,BRONX,221.01,101.0
331,BRONX,211.0,38.0
332,BRONX,213.02,126.0
333,BRONX,213.02,80.0
334,BRONX,213.02,48.0
335,BRONX,383.02,62.0
336,BRONX,213.02,292.0
337,BRONX,65.0,208.0
338,BRONX,185.0,42.0
339,BRONX,201.0,59.0
340,BRONX,141.0,80.0
341,BRONX,359.0,42.0
342,BRONX,411.0,110.0
343,BRONX,177.02,21.0
344,BRONX,243.0,83.0
345,BRONX,129.01,69.0
346,BRONX,224.04,99.0
347,BRONX,125.0,122.0
348,BRONX,255.0,38.0
349,BRONX,185.0,128.0
350,BRONX,89.0,57.0
351,BRONX,19.0,3.0
352,BRONX,385.0,88.0
353,BRONX,43.0,119.0
354,BRONX,363.0,40.0
355,BRONX,67.0,62.0
356,BRONX,359.0,95.0
357,BRONX,147.01,97.0
358,BRONX,395.0,72.0
359,BRONX,211.0,33.0
360,BRONX,195.0,81.0
361,BRONX,35.0,76.0
362,BRONX,373.0,53.0
363,BRONX,93.0,124.0
364,BRONX,131.0,65.0
365,BRONX,213.02,75.0
366,BRONX,145.0,113.0
367,BRONX,375.04,96.0
368,BRONX,215.02,109.0
369,BRONX,251.0,70.0
370,BRONX,227.01,62.0
371,BRONX,397.0,118.0
372,BRONX,79.0,7.0
373,BRONX,79.0,4.0
374,BRONX,123.0,127.0
375,BRONX,185.0,51.0
376,BRONX,251.0,132.0
377,BRONX,87.0,82.0
378,BRONX,87.0,110.0
379,BRONX,241.0,62.0
380,BRONX,200.0,57.0
381,BRONX,336.0,73.0
382,BRONX,25.0,119.0
383,BRONX,85.0,93.0
384,BRONX,225.0,114.0
385,BRONX,127.01,
386,BRONX,157.0,60.0
387,BRONX,125.0,83.0
388,BRONX,79.0,22.0
389,BRONX,79.0,10.0
390,BRONX,79.0,10.0
391,BRONX,215.02,272.0
392,BRONX,405.02,56.0
393,BRONX,73.0,23.0
394,BRONX,73.0,47.0
395,BRONX,185.0,89.0
396,BRONX,363.0,35.0
397,BRONX,65.0,210.0
398,BRONX,69.0,63.0
399,BRONX,407.02,140.0
400,BRONX,87.0,232.0
401,BRONX,87.0,109.0
402,BRONX,193.0,
403,BRONX,83.0,117.0
404,BRONX,19.0,60.0
405,BRONX,157.0,98.0
406,BRONX,,39.0
407,BRONX,141.0,71.0
408,BRONX,405.02,49.0
409,BRONX,69.0,57.0
410,BRONX,69.0,67.0
411,BRONX,145.0,226.0
412,BRONX,225.0,36.0
413,BRONX,123.0,122.0
414,BRONX,,70.0
415,BRONX,241.0,
416,BRONX,67.0,50.0
417,BRONX,85.0,60.0
418,BRONX,129.01,124.0
419,BRONX,251.0,108.0
420,BRONX,227.01,104.0
421,BRONX,205.01,288.0
422,BRONX,141.0,84.0
423,BRONX,141.0,130.0
424,BRONX,141.0,79.0
425,BRONX,,189.0
426,BRONX,19.0,77.0
427,BRONX,19.0,416.0
428,BRONX,231.0,105.0
429,BRONX,393.0,150.0
430,BRONX,265.0,56.0
431,BRONX,393.0,240.0
432,BRONX,395.0,47.0
433,BRONX,87.0,82.0
434,BRONX,373.0,91.0
435,BRONX,373.0,55.0
436,BRONX,71.0,106.0
437,BRONX,75.0,88.0
438,BRONX,75.0,311.0
439,BRONX,75.0,887.0
440,BRONX,135.0,98.0
441,BRONX,225.0,43.0
442,BRONX,395.0,68.0
443,BRONX,177.01,65.0
444,BRONX,85.0,60.0
445,BRONX,157.0,83.0
446,BRONX,167.0,220.0
447,BRONX,73.0,733.0
448,BRONX,,256.0
449,BRONX,273.0,76.0
450,BRONX,413.0,76.0
451,BRONX,385.0,80.0
452,BRONX,361.0,32.0
453,BRONX,86.0,1824.0
454,BRONX,247.0,105.0
455,BRONX,381.0,64.0
456,BRONX,215.02,110.0
457,BRONX,193.0,65.0
458,BRONX,373.0,91.0
459,BRONX,431.0,69.0
460,BRONX,267.01,97.0
461,BRONX,161.0,180.0
462,BRONX,93.0,137.0
463,BRONX,159.0,299.0
464,BRONX,87.0,299.0
465,BRONX,121.02,398.0
466,BRONX,159.0,407.0
467,BRONX,5300.0,1543.0
468,BRONX,205.01,127.0
469,BRONX,75.0,160.0
470,BRONX,396.0,80.0
471,BRONX,396.0,16.0
472,BRONX,363.0,73.0
473,BRONX,71.0,150.0
474,BRONX,359.0,64.0
475,BRONX,361.0,442.0
476,BRONX,181.01,10.0
477,BRONX,,63.0
478,BRONX,143.0,216.0
479,BRONX,135.0,123.0
480,BRONX,119.0,73.0
481,BRONX,131.0,47.0
482,BRONX,167.0,103.0
483,BRONX,400.0,48.0
484,BRONX,121.01,353.0
485,BRONX,213.01,402.0
486,BRONX,131.0,58.0
487,BRONX,195.0,120.0
488,BRONX,197.0,26.0
489,BRONX,179.01,5.0
490,BRONX,,19.0
491,BRONX,85.0,351.0
492,BRONX,2901.0,65.0
493,BRONX,418.0,
494,BRONX,336.0,698.0
495,BRONX,3703.0,65.0
496,BRONX,367.0,
497,BRONX,179.02,21.0
498,BRONX,,
499,BRONX,255.0,15.0
500,BRONX,363.0,18.0
501,BRONX,,
502,BRONX,235.01,16.0
503,BRONX,,
504,BRONX,79.0,
505,BRONX,363.0,32.0
506,BRONX,233.01,28.0
507,BRONX,71.0,
508,BRONX,83.0,
509,BRONX,215.02,
510,BRONX,365.01,91.0
511,BROOKLYN,551.0,34.0
512,BROOKLYN,786.0,30.0
513,BROOKLYN,387.0,66.0
514,BROOKLYN,229.0,12.0
515,BROOKLYN,513.0,20.0
516,BROOKLYN,283.0,36.0
517,BROOKLYN,317.01,10.0
518,BROOKLYN,51.0,11.0
519,BROOKLYN,219.0,25.0
520,BROOKLYN,59.0,15.0
521,BROOKLYN,882.0,30.0
522,BROOKLYN,513.0,49.0
523,BROOKLYN,551.0,70.0
524,BROOKLYN,279.0,2.0
525,BROOKLYN,379.0,36.0
526,BROOKLYN,336.0,75.0
527,BROOKLYN,359.0,19.0
528,BROOKLYN,231.0,24.0
529,BROOKLYN,361.0,58.0
530,BROOKLYN,1196.0,59.0
531,BROOKLYN,193.0,78.0
532,BROOKLYN,305.0,94.0
533,BROOKLYN,491.0,20.0
534,BROOKLYN,427.0,43.0
535,BROOKLYN,253.0,117.0
536,BROOKLYN,359.0,32.0
537,BROOKLYN,289.0,11.0
538,BROOKLYN,227.0,12.0
539,BROOKLYN,221.0,31.0
540,BROOKLYN,305.0,19.0
541,BROOKLYN,1134.0,150.0
542,BROOKLYN,527.0,52.0
543,BROOKLYN,371.0,26.0
544,BROOKLYN,1176.02,26.0
545,BROOKLYN,381.0,21.0
546,BROOKLYN,261.0,59.0
547,BROOKLYN,900.0,35.0
548,BROOKLYN,387.0,32.0
549,BROOKLYN,1126.0,22.0
550,BROOKLYN,47.0,69.0
551,BROOKLYN,281.0,39.0
552,BROOKLYN,303.0,18.0
553,BROOKLYN,1132.0,66.0
554,BROOKLYN,369.0,43.0
555,BROOKLYN,47.0,27.0
556,BROOKLYN,217.0,35.0
557,BROOKLYN,365.02,22.0
558,BROOKLYN,363.0,32.0
559,BROOKLYN,437.0,11.0
560,BROOKLYN,245.0,11.0
561,BROOKLYN,359.0,35.0
562,BROOKLYN,243.0,26.0
563,BROOKLYN,319.0,82.0
564,BROOKLYN,,59.0
565,BROOKLYN,888.0,7.0
566,BROOKLYN,1128.0,15.0
567,BROOKLYN,,46.0
568,BROOKLYN,449.0,17.0
569,BROOKLYN,449.0,32.0
570,BROOKLYN,347.0,33.0
571,BROOKLYN,1128.0,50.0
572,BROOKLYN,275.0,49.0
573,BROOKLYN,261.0,65.0
574,BROOKLYN,353.0,47.0
575,BROOKLYN,259.01,54.0
576,BROOKLYN,336.0,41.0
577,BROOKLYN,369.0,11.0
578,BROOKLYN,133.0,21.0
579,BROOKLYN,279.0,22.0
580,BROOKLYN,415.0,18.0
581,BROOKLYN,419.0,41.0
582,BROOKLYN,281.0,39.0
583,BROOKLYN,245.0,13.0
584,BROOKLYN,249.0,42.0
585,BROOKLYN,263.0,40.0
586,BROOKLYN,283.0,30.0
587,BROOKLYN,315.0,29.0
588,BROOKLYN,215.0,36.0
589,BROOKLYN,291.0,31.0
590,BROOKLYN,301.0,44.0
591,BROOKLYN,59.0,30.0
592,BROOKLYN,347.0,33.0
593,BROOKLYN,341.0,24.0
594,BROOKLYN,1116.0,13.0
595,BROOKLYN,305.0,4.0
596,BROOKLYN,305.0,4.0
597,BROOKLYN,305.0,5.0
598,BROOKLYN,305.0,5.0
599,BROOKLYN,305.0,6.0
600,BROOKLYN,794.0,45.0
601,BROOKLYN,215.0,51.0
602,BROOKLYN,51.0,14.0
603,BROOKLYN,219.0,8.0
604,BROOKLYN,818.0,26.0
605,BROOKLYN,974.0,71.0
606,BROOKLYN,305.0,53.0
607,BROOKLYN,53.0,36.0
608,BROOKLYN,369.0,25.0
609,BROOKLYN,281.0,42.0
610,BROOKLYN,1150.0,25.0
611,BROOKLYN,295.0,20.0
612,BROOKLYN,1018.0,38.0
613,BROOKLYN,305.0,4.0
614,BROOKLYN,305.0,4.0
615,BROOKLYN,508.03,27.0
616,BROOKLYN,415.0,16.0
617,BROOKLYN,291.0,21.0
618,BROOKLYN,527.0,60.0
619,BROOKLYN,527.0,25.0
620,BROOKLYN,349.0,93.0
621,BROOKLYN,896.0,36.0
622,BROOKLYN,1196.0,30.0
623,BROOKLYN,1196.0,22.0
624,BROOKLYN,221.0,4.0
625,BROOKLYN,221.0,5.0
626,BROOKLYN,217.0,8.0
627,BROOKLYN,217.0,4.0
628,BROOKLYN,221.0,4.0
629,BROOKLYN,351.0,19.0
630,BROOKLYN,305.0,11.0
631,BROOKLYN,245.0,16.0
632,BROOKLYN,289.0,7.0
633,BROOKLYN,291.0,2.0
634,BROOKLYN,227.0,33.0
635,BROOKLYN,900.0,63.0
636,BROOKLYN,399.0,5.0
637,BROOKLYN,405.0,6.0
638,BROOKLYN,401.0,6.0
639,BROOKLYN,403.0,6.0
640,BROOKLYN,401.0,3.0
641,BROOKLYN,401.0,8.0
642,BROOKLYN,403.0,5.0
643,BROOKLYN,403.0,5.0
644,BROOKLYN,1166.0,39.0
645,BROOKLYN,221.0,6.0
646,BROOKLYN,305.0,11.0
647,BROOKLYN,305.0,4.0
648,BROOKLYN,305.0,7.0
649,BROOKLYN,305.0,4.0
650,BROOKLYN,305.0,4.0
651,BROOKLYN,305.0,6.0
652,BROOKLYN,507.0,50.0
653,BROOKLYN,241.0,2.0
654,BROOKLYN,291.0,2.0
655,BROOKLYN,233.0,2.0
656,BROOKLYN,525.0,20.0
657,BROOKLYN,235.0,42.0
658,BROOKLYN,305.0,70.0
659,BROOKLYN,227.0,25.0
660,BROOKLYN,205.0,33.0
661,BROOKLYN,1150.0,56.0
662,BROOKLYN,383.0,6.0
663,BROOKLYN,235.0,47.0
664,BROOKLYN,245.0,45.0
665,BROOKLYN,1126.0,74.0
666,BROOKLYN,377.0,46.0
667,BROOKLYN,511.0,31.0
668,BROOKLYN,82.0,23.0
669,BROOKLYN,261.0,52.0
670,BROOKLYN,303.0,89.0
671,BROOKLYN,900.0,75.0
672,BROOKLYN,39.0,194.0
673,BROOKLYN,221.0,65.0
674,BROOKLYN,385.0,4.0
675,BROOKLYN,293.0,6.0
676,BROOKLYN,385.0,3.0
677,BROOKLYN,383.0,6.0
678,BROOKLYN,385.0,6.0
679,BROOKLYN,293.0,9.0
680,BROOKLYN,385.0,6.0
681,BROOKLYN,520.0,33.0
682,BROOKLYN,127.0,67.0
683,BROOKLYN,1130.0,106.0
684,BROOKLYN,35.0,76.0
685,BROOKLYN,35.0,3.0
686,BROOKLYN,1146.0,52.0
687,BROOKLYN,217.0,7.0
688,BROOKLYN,305.0,6.0
689,BROOKLYN,221.0,5.0
690,BROOKLYN,245.0,6.0
691,BROOKLYN,251.0,7.0
692,BROOKLYN,251.0,1.0
693,BROOKLYN,265.0,4.0
694,BROOKLYN,265.0,3.0
695,BROOKLYN,243.0,13.0
696,BROOKLYN,251.0,3.0
697,BROOKLYN,251.0,18.0
698,BROOKLYN,243.0,5.0
699,BROOKLYN,249.0,3.0
700,BROOKLYN,289.0,1.0
701,BROOKLYN,289.0,14.0
702,BROOKLYN,289.0,13.0
703,BROOKLYN,281.0,3.0
704,BROOKLYN,279.0,1.0
705,BROOKLYN,279.0,6.0
706,BROOKLYN,279.0,4.0
707,BROOKLYN,289.0,8.0
708,BROOKLYN,279.0,3.0
709,BROOKLYN,289.0,7.0
710,BROOKLYN,299.0,5.0
711,BROOKLYN,291.0,13.0
712,BROOKLYN,387.0,2.0
713,BROOKLYN,249.0,4.0
714,BROOKLYN,267.0,3.0
715,BROOKLYN,277.0,4.0
716,BROOKLYN,277.0,11.0
717,BROOKLYN,267.0,4.0
718,BROOKLYN,267.0,3.0
719,BROOKLYN,249.0,3.0
720,BROOKLYN,267.0,3.0
721,BROOKLYN,249.0,5.0
722,BROOKLYN,59.0,34.0
723,BROOKLYN,433.0,42.0
724,BROOKLYN,443.0,35.0
725,BROOKLYN,337.0,17.0
726,BROOKLYN,323.0,2.0
727,BROOKLYN,800.0,2.0
728,BROOKLYN,323.0,2.0
729,BROOKLYN,325.0,12.0
730,BROOKLYN,804.0,3.0
731,BROOKLYN,419.0,5.0
732,BROOKLYN,421.0,16.0
733,BROOKLYN,395.0,5.0
734,BROOKLYN,417.0,5.0
735,BROOKLYN,405.0,9.0
736,BROOKLYN,395.0,8.0
737,BROOKLYN,431.0,6.0
738,BROOKLYN,417.0,4.0
739,BROOKLYN,399.0,7.0
740,BROOKLYN,415.0,5.0
741,BROOKLYN,415.0,5.0
742,BROOKLYN,1134.0,52.0
743,BROOKLYN,289.0,2.0
744,BROOKLYN,289.0,11.0
745,BROOKLYN,289.0,3.0
746,BROOKLYN,289.0,6.0
747,BROOKLYN,289.0,1.0
748,BROOKLYN,261.0,1.0
749,BROOKLYN,379.0,47.0
750,BROOKLYN,277.0,5.0
751,BROOKLYN,265.0,3.0
752,BROOKLYN,277.0,2.0
753,BROOKLYN,267.0,2.0
754,BROOKLYN,249.0,3.0
755,BROOKLYN,267.0,3.0
756,BROOKLYN,383.0,6.0
757,BROOKLYN,295.0,12.0
758,BROOKLYN,293.0,6.0
759,BROOKLYN,291.0,44.0
760,BROOKLYN,215.0,14.0
761,BROOKLYN,77.0,6.0
762,BROOKLYN,110.0,16.0
763,BROOKLYN,219.0,27.0
764,BROOKLYN,1126.0,40.0
765,BROOKLYN,507.0,46.0
766,BROOKLYN,908.0,37.0
767,BROOKLYN,281.0,72.0
768,BROOKLYN,213.0,3.0
769,BROOKLYN,325.0,2.0
770,BROOKLYN,796.01,1.0
771,BROOKLYN,876.0,5.0
772,BROOKLYN,804.0,4.0
773,BROOKLYN,802.0,6.0
774,BROOKLYN,321.0,7.0
775,BROOKLYN,327.0,1.0
776,BROOKLYN,321.0,2.0
777,BROOKLYN,323.0,2.0
778,BROOKLYN,1220.0,99.0
779,BROOKLYN,375.0,6.0
780,BROOKLYN,385.0,3.0
781,BROOKLYN,305.0,51.0
782,BROOKLYN,289.0,16.0
783,BROOKLYN,417.0,39.0
784,BROOKLYN,387.0,45.0
785,BROOKLYN,1098.0,54.0
786,BROOKLYN,505.0,23.0
787,BROOKLYN,295.0,26.0
788,BROOKLYN,283.0,50.0
789,BROOKLYN,53.0,19.0
790,BROOKLYN,53.0,20.0
791,BROOKLYN,229.0,71.0
792,BROOKLYN,275.0,5.0
793,BROOKLYN,383.0,5.0
794,BROOKLYN,383.0,4.0
795,BROOKLYN,275.0,3.0
796,BROOKLYN,297.0,6.0
797,BROOKLYN,383.0,6.0
798,BROOKLYN,275.0,6.0
799,BROOKLYN,267.0,6.0
800,BROOKLYN,251.0,9.0
801,BROOKLYN,421.0,3.0
802,BROOKLYN,1220.0,82.0
803,BROOKLYN,377.0,4.0
804,BROOKLYN,375.0,4.0
805,BROOKLYN,377.0,3.0
806,BROOKLYN,563.0,32.0
807,BROOKLYN,357.0,24.0
808,BROOKLYN,1208.0,38.0
809,BROOKLYN,261.0,26.0
810,BROOKLYN,579.0,15.0
811,BROOKLYN,265.0,14.0
812,BROOKLYN,1208.0,35.0
813,BROOKLYN,303.0,33.0
814,BROOKLYN,245.0,37.0
815,BROOKLYN,245.0,3.0
816,BROOKLYN,423.0,6.0
817,BROOKLYN,429.0,2.0
818,BROOKLYN,423.0,3.0
819,BROOKLYN,391.0,4.0
820,BROOKLYN,421.0,4.0
821,BROOKLYN,317.02,87.0
822,BROOKLYN,1220.0,101.0
823,BROOKLYN,249.0,3.0
824,BROOKLYN,245.0,5.0
825,BROOKLYN,229.0,6.0
826,BROOKLYN,267.0,5.0
827,BROOKLYN,269.0,2.0
828,BROOKLYN,269.0,2.0
829,BROOKLYN,269.0,4.0
830,BROOKLYN,227.0,5.0
831,BROOKLYN,227.0,3.0
832,BROOKLYN,241.0,42.0
833,BROOKLYN,219.0,31.0
834,BROOKLYN,425.0,59.0
835,BROOKLYN,505.0,13.0
836,BROOKLYN,231.0,26.0
837,BROOKLYN,359.0,34.0
838,BROOKLYN,381.0,3.0
839,BROOKLYN,381.0,6.0
840,BROOKLYN,383.0,2.0
841,BROOKLYN,381.0,4.0
842,BROOKLYN,381.0,6.0
843,BROOKLYN,381.0,6.0
844,BROOKLYN,281.0,63.0
845,BROOKLYN,453.0,2.0
846,BROOKLYN,453.0,3.0
847,BROOKLYN,313.0,7.0
848,BROOKLYN,315.0,2.0
849,BROOKLYN,353.0,7.0
850,BROOKLYN,313.0,2.0
851,BROOKLYN,317.01,6.0
852,BROOKLYN,315.0,5.0
853,BROOKLYN,339.0,5.0
854,BROOKLYN,315.0,3.0
855,BROOKLYN,311.0,6.0
856,BROOKLYN,59.0,60.0
857,BROOKLYN,1122.0,4.0
858,BROOKLYN,1132.0,10.0
859,BROOKLYN,1126.0,4.0
860,BROOKLYN,1126.0,6.0
861,BROOKLYN,1128.0,3.0
862,BROOKLYN,1104.0,5.0
863,BROOKLYN,551.0,3.0
864,BROOKLYN,557.0,4.0
865,BROOKLYN,547.0,6.0
866,BROOKLYN,9.0,64.0
867,BROOKLYN,383.0,4.0
868,BROOKLYN,381.0,6.0
869,BROOKLYN,275.0,5.0
870,BROOKLYN,1202.0,2.0
871,BROOKLYN,1198.0,2.0
872,BROOKLYN,277.0,35.0
873,BROOKLYN,375.0,6.0
874,BROOKLYN,375.0,6.0
875,BROOKLYN,377.0,5.0
876,BROOKLYN,229.0,2.0
877,BROOKLYN,245.0,3.0
878,BROOKLYN,249.0,6.0
879,BROOKLYN,247.0,12.0
880,BROOKLYN,269.0,3.0
881,BROOKLYN,245.0,6.0
882,BROOKLYN,277.0,22.0
883,BROOKLYN,293.0,24.0
884,BROOKLYN,293.0,23.0
885,BROOKLYN,277.0,23.0
886,BROOKLYN,379.0,5.0
887,BROOKLYN,375.0,2.0
888,BROOKLYN,381.0,3.0
889,BROOKLYN,265.0,7.0
890,BROOKLYN,293.0,2.0
891,BROOKLYN,299.0,3.0
892,BROOKLYN,377.0,3.0
893,BROOKLYN,279.0,2.0
894,BROOKLYN,391.0,93.0
895,BROOKLYN,1198.0,12.0
896,BROOKLYN,547.0,139.0
897,BROOKLYN,340.0,308.0
898,BROOKLYN,328.0,116.0
899,BROOKLYN,342.0,332.0
900,BROOKLYN,1122.0,5.0
901,BROOKLYN,1128.0,3.0
902,BROOKLYN,1104.0,3.0
903,BROOKLYN,1126.0,4.0
904,BROOKLYN,1128.0,6.0
905,BROOKLYN,1124.0,5.0
906,BROOKLYN,1126.0,4.0
907,BROOKLYN,245.0,3.0
908,BROOKLYN,249.0,6.0
909,BROOKLYN,247.0,12.0
910,BROOKLYN,269.0,9.0
911,BROOKLYN,810.0,172.0
912,BROOKLYN,277.0,230.0
913,BROOKLYN,277.0,26.0
914,BROOKLYN,277.0,28.0
915,BROOKLYN,277.0,25.0
916,BROOKLYN,277.0,25.0
917,BROOKLYN,277.0,30.0
918,BROOKLYN,393.0,59.0
919,BROOKLYN,1192.0,4.0
920,BROOKLYN,277.0,116.0
921,BROOKLYN,277.0,27.0
922,BROOKLYN,221.0,48.0
923,BROOKLYN,1144.0,159.0
924,BROOKLYN,377.0,4.0
925,BROOKLYN,377.0,5.0
926,BROOKLYN,245.0,2.0
927,BROOKLYN,291.0,94.0
928,BROOKLYN,281.0,3.0
929,BROOKLYN,397.0,62.0
930,BROOKLYN,1124.0,5.0
931,BROOKLYN,1126.0,4.0
932,BROOKLYN,425.0,84.0
933,BROOKLYN,551.0,25.0
934,BROOKLYN,1130.0,47.0
935,BROOKLYN,1130.0,31.0
936,BROOKLYN,501.0,64.0
937,BROOKLYN,169.0,200.0
938,BROOKLYN,181.0,85.0
939,BROOKLYN,339.0,152.0
940,BROOKLYN,423.0,27.0
941,BROOKLYN,916.0,60.0
942,BROOKLYN,476.0,50.0
943,BROOKLYN,77.0,100.0
944,BROOKLYN,425.0,38.0
945,BROOKLYN,481.0,44.0
946,BROOKLYN,460.0,50.0
947,BROOKLYN,112.0,112.0
948,BROOKLYN,259.01,33.0
949,BROOKLYN,315.0,6.0
950,BROOKLYN,315.0,4.0
951,BROOKLYN,896.0,3.0
952,BROOKLYN,315.0,2.0
953,BROOKLYN,317.01,6.0
954,BROOKLYN,315.0,25.0
955,BROOKLYN,313.0,10.0
956,BROOKLYN,920.0,58.0
957,BROOKLYN,68.0,60.0
958,BROOKLYN,441.0,149.0
959,BROOKLYN,542.0,120.0
960,BROOKLYN,41.0,47.0
961,BROOKLYN,916.0,4.0
962,BROOKLYN,916.0,9.0
963,BROOKLYN,922.0,3.0
964,BROOKLYN,916.0,3.0
965,BROOKLYN,894.0,3.0
966,BROOKLYN,916.0,3.0
967,BROOKLYN,898.0,5.0
968,BROOKLYN,894.0,3.0
969,BROOKLYN,916.0,3.0
970,BROOKLYN,922.0,3.0
971,BROOKLYN,916.0,4.0
972,BROOKLYN,916.0,5.0
973,BROOKLYN,922.0,5.0
974,BROOKLYN,275.0,5.0
975,BROOKLYN,916.0,4.0
976,BROOKLYN,896.0,3.0
977,BROOKLYN,916.0,3.0
978,BROOKLYN,922.0,5.0
979,BROOKLYN,247.0,133.0
980,BROOKLYN,141.0,48.0
981,BROOKLYN,409.0,3.0
982,BROOKLYN,409.0,3.0
983,BROOKLYN,411.0,2.0
984,BROOKLYN,411.0,5.0
985,BROOKLYN,411.0,4.0
986,BROOKLYN,409.0,9.0
987,BROOKLYN,415.0,5.0
988,BROOKLYN,421.0,34.0
989,BROOKLYN,1208.0,1062.0
990,BROOKLYN,1208.0,1095.0
991,BROOKLYN,263.0,94.0
992,BROOKLYN,1164.0,6.0
993,BROOKLYN,367.0,3.0
994,BROOKLYN,369.0,4.0
995,BROOKLYN,367.0,4.0
996,BROOKLYN,1124.0,83.0
997,BROOKLYN,342.0,542.0
998,BROOKLYN,555.0,95.0
999,BROOKLYN,920.0,371.0
1000,BROOKLYN,231.0,40.0
1001,BROOKLYN,916.0,53.0
1002,BROOKLYN,387.0,50.0
1003,BROOKLYN,1220.0,505.0
1004,BROOKLYN,1156.0,102.0
1005,BROOKLYN,33.0,73.0
1006,BROOKLYN,273.0,90.0
1007,BROOKLYN,299.0,116.0
1008,BROOKLYN,924.0,124.0
1009,BROOKLYN,924.0,126.0
1010,BROOKLYN,249.0,51.0
1011,BROOKLYN,491.0,150.0
1012,BROOKLYN,419.0,4.0
1013,BROOKLYN,401.0,3.0
1014,BROOKLYN,411.0,5.0
1015,BROOKLYN,427.0,3.0
1016,BROOKLYN,411.0,5.0
1017,BROOKLYN,411.0,4.0
1018,BROOKLYN,411.0,3.0
1019,BROOKLYN,411.0,2.0
1020,BROOKLYN,339.0,143.0
1021,BROOKLYN,314.0,105.0
1022,BROOKLYN,916.0,41.0
1023,BROOKLYN,263.0,41.0
1024,BROOKLYN,481.0,149.0
1025,BROOKLYN,269.0,130.0
1026,BROOKLYN,421.0,3.0
1027,BROOKLYN,413.0,4.0
1028,BROOKLYN,389.0,3.0
1029,BROOKLYN,437.0,3.0
1030,BROOKLYN,413.0,3.0
1031,BROOKLYN,437.0,3.0
1032,BROOKLYN,431.0,5.0
1033,BROOKLYN,427.0,4.0
1034,BROOKLYN,409.0,3.0
1035,BROOKLYN,435.0,4.0
1036,BROOKLYN,43.0,216.0
1037,BROOKLYN,39.0,84.0
1038,BROOKLYN,361.0,48.0
1039,BROOKLYN,489.0,109.0
1040,BROOKLYN,876.0,
1041,BROOKLYN,437.0,4.0
1042,BROOKLYN,413.0,2.0
1043,BROOKLYN,1196.0,
1044,BROOKLYN,1192.0,46.0
1045,BROOKLYN,211.0,97.0
1046,BROOKLYN,1124.0,86.0
1047,BROOKLYN,141.0,7.0
1048,BROOKLYN,391.0,58.0
1049,BROOKLYN,,158.0
1050,BROOKLYN,1130.0,83.0
1051,BROOKLYN,1130.0,26.0
1052,BROOKLYN,1130.0,167.0
1053,BROOKLYN,1130.0,58.0
1054,BROOKLYN,,15.0
1055,BROOKLYN,382.0,34.0
1056,BROOKLYN,382.0,416.0
1057,BROOKLYN,277.0,215.0
1058,BROOKLYN,1116.0,5.0
1059,BROOKLYN,1164.0,5.0
1060,BROOKLYN,1196.0,7.0
1061,BROOKLYN,301.0,6.0
1062,BROOKLYN,369.0,8.0
1063,BROOKLYN,367.0,4.0
1064,BROOKLYN,369.0,49.0
1065,BROOKLYN,920.0,103.0
1066,BROOKLYN,281.0,71.0
1067,BROOKLYN,5.01,187.0
1068,BROOKLYN,8100.0,23.0
1069,BROOKLYN,1070.0,196.0
1070,BROOKLYN,1034.0,404.0
1071,BROOKLYN,1034.0,647.0
1072,BROOKLYN,1034.0,437.0
1073,BROOKLYN,413.0,4.0
1074,BROOKLYN,437.0,2.0
1075,BROOKLYN,435.0,5.0
1076,BROOKLYN,916.0,53.0
1077,BROOKLYN,303.0,62.0
1078,BROOKLYN,211.0,100.0
1079,BROOKLYN,347.0,
1080,BROOKLYN,271.0,77.0
1081,BROOKLYN,389.0,58.0
1082,BROOKLYN,369.0,47.0
1083,BROOKLYN,342.0,76.0
1084,BROOKLYN,303.0,
1085,BROOKLYN,1070.0,196.0
1086,BROOKLYN,,77.0
1087,BROOKLYN,21.0,21.0
1088,BROOKLYN,508.04,53.0
1089,BROOKLYN,303.0,474.0
1090,BROOKLYN,1034.0,1395.0
1091,BROOKLYN,,65.0
1092,BROOKLYN,277.0,78.0
1093,BROOKLYN,1208.0,175.0
1094,BROOKLYN,1134.0,97.0
1095,BROOKLYN,382.0,1575.0
1096,BROOKLYN,549.0,32.0
1097,BROOKLYN,1104.0,33.0
1098,BROOKLYN,896.0,160.0
1099,BROOKLYN,1126.0,
1100,BROOKLYN,279.0,23.0
1101,BROOKLYN,375.0,47.0
1102,BROOKLYN,5.01,22.0
1103,Brooklyn,283.0,249.0
1104,BROOKLYN,281.0,10.0
1105,BROOKLYN,0.0,64.0
1106,BROOKLYN,808.0,
1107,BROOKLYN,279.0,69.0
1108,BROOKLYN,882.0,27.0
1109,BROOKLYN,363.0,23.0
1110,BROOKLYN,342.0,194.0
1111,BROOKLYN,231.0,149.0
1112,BROOKLYN,365.02,
1113,BROOKLYN,211.0,78.0
1114,BROOKLYN,1200.0,
1115,BROOKLYN,227.0,59.0
1116,BROOKLYN,916.0,114.0
1117,BROOKLYN,351.0,6.0
1118,BROOKLYN,351.0,4.0
1119,BROOKLYN,427.0,
1120,BROOKLYN,333.0,11.0
1121,Brooklyn,11.0,48.0
1122,BROOKLYN,251.0,
1123,BROOKLYN,916.0,
1124,BROOKLYN,437.0,
1125,Brooklyn,2300.0,55.0
1126,BROOKLYN,445.0,15.0
1127,BROOKLYN,335.0,6.0
1128,BROOKLYN,349.0,4.0
1129,BROOKLYN,508.04,14.0
1130,BROOKLYN,215.0,22.0
1131,BROOKLYN,549.0,25.0
1132,BROOKLYN,892.0,18.0
1133,BROOKLYN,433.0,21.0
1134,BROOKLYN,489.0,
1135,BROOKLYN,525.0,30.0
1136,BROOKLYN,339.0,22.0
1137,BROOKLYN,327.0,53.0
1138,BROOKLYN,277.0,160.0
1139,BROOKLYN,397.0,22.0
1140,BROOKLYN,349.0,55.0
1141,BROOKLYN,427.0,22.0
1142,BROOKLYN,1130.0,
1143,BROOKLYN,41.0,
1144,BROOKLYN,508.03,
1145,MANHATTAN,216.0,56.0
1146,MANHATTAN,189.0,56.0
1147,MANHATTAN,201.02,8.0
1148,MANHATTAN,223.01,58.0
1149,MANHATTAN,174.01,90.0
1150,MANHATTAN,189.0,39.0
1151,MANHATTAN,224.0,99.0
1152,MANHATTAN,259.0,11.0
1153,MANHATTAN,234.0,87.0
1154,MANHATTAN,234.0,31.0
1155,MANHATTAN,208.0,30.0
1156,MANHATTAN,233.0,20.0
1157,MANHATTAN,235.02,45.0
1158,MANHATTAN,183.0,93.0
1159,MANHATTAN,245.0,10.0
1160,MANHATTAN,194.0,15.0
1161,MANHATTAN,235.02,44.0
1162,MANHATTAN,201.02,20.0
1163,MANHATTAN,197.02,31.0
1164,MANHATTAN,218.0,32.0
1165,MANHATTAN,236.0,93.0
1166,MANHATTAN,242.0,40.0
1167,MANHATTAN,200.0,87.0
1168,MANHATTAN,2.02,124.0
1169,MANHATTAN,232.0,76.0
1170,MANHATTAN,219.0,17.0
1171,MANHATTAN,228.0,31.0
1172,MANHATTAN,201.02,16.0
1173,MANHATTAN,216.0,35.0
1174,MANHATTAN,30.02,41.0
1175,MANHATTAN,30.01,48.0
1176,MANHATTAN,190.0,29.0
1177,MANHATTAN,193.0,57.0
1178,MANHATTAN,245.0,32.0
1179,MANHATTAN,236.0,15.0
1180,MANHATTAN,198.0,19.0
1181,MANHATTAN,103.0,638.0
1182,MANHATTAN,245.0,82.0
1183,MANHATTAN,220.0,52.0
1184,MANHATTAN,224.0,19.0
1185,MANHATTAN,188.0,28.0
1186,MANHATTAN,208.0,30.0
1187,MANHATTAN,259.0,25.0
1188,MANHATTAN,235.02,18.0
1189,MANHATTAN,194.0,39.0
1190,MANHATTAN,201.02,46.0
1191,MANHATTAN,236.0,15.0
1192,MANHATTAN,26.02,45.0
1193,MANHATTAN,158.02,105.0
1194,MANHATTAN,2.01,22.0
1195,MANHATTAN,166.0,54.0
1196,MANHATTAN,166.0,51.0
1197,MANHATTAN,30.02,34.0
1198,MANHATTAN,245.0,84.0
1199,MANHATTAN,218.0,27.0
1200,MANHATTAN,201.02,86.0
1201,MANHATTAN,178.0,94.0
1202,MANHATTAN,227.0,34.0
1203,MANHATTAN,208.0,69.0
1204,MANHATTAN,127.0,10.0
1205,MANHATTAN,212.0,30.0
1206,MANHATTAN,208.0,64.0
1207,MANHATTAN,158.02,57.0
1208,MANHATTAN,178.0,59.0
1209,MANHATTAN,178.0,29.0
1210,MANHATTAN,193.0,67.0
1211,MANHATTAN,216.0,52.0
1212,MANHATTAN,111.0,53.0
1213,MANHATTAN,191.0,118.0
1214,MANHATTAN,218.0,18.0
1215,MANHATTAN,26.01,51.0
1216,MANHATTAN,213.03,5.0
1217,MANHATTAN,26.01,22.0
1218,MANHATTAN,178.0,44.0
1219,MANHATTAN,239.0,14.0
1220,MANHATTAN,249.0,12.0
1221,MANHATTAN,234.0,57.0
1222,MANHATTAN,193.0,68.0
1223,MANHATTAN,193.0,41.0
1224,MANHATTAN,,45.0
1225,MANHATTAN,235.01,15.0
1226,MANHATTAN,190.0,27.0
1227,MANHATTAN,119.0,535.0
1228,MANHATTAN,33.0,88.0
1229,MANHATTAN,172.0,18.0
1230,MANHATTAN,257.0,68.0
1231,MANHATTAN,226.0,15.0
1232,MANHATTAN,197.02,33.0
1233,MANHATTAN,237.0,35.0
1234,MANHATTAN,222.0,16.0
1235,MANHATTAN,152.0,55.0
1236,MANHATTAN,99.0,49.0
1237,MANHATTAN,222.0,29.0
1238,MANHATTAN,42.0,93.0
1239,MANHATTAN,223.01,69.0
1240,MANHATTAN,121.0,307.0
1241,MANHATTAN,151.0,200.0
1242,MANHATTAN,172.0,13.0
1243,MANHATTAN,220.0,9.0
1244,MANHATTAN,201.02,5.0
1245,MANHATTAN,212.0,9.0
1246,MANHATTAN,232.0,29.0
1247,MANHATTAN,22.01,35.0
1248,MANHATTAN,166.0,21.0
1249,MANHATTAN,26.02,29.0
1250,MANHATTAN,221.02,40.0
1251,MANHATTAN,220.0,47.0
1252,MANHATTAN,182.0,68.0
1253,MANHATTAN,164.0,76.0
1254,MANHATTAN,233.0,30.0
1255,MANHATTAN,182.0,119.0
1256,MANHATTAN,119.0,262.0
1257,MANHATTAN,216.0,24.0
1258,MANHATTAN,209.01,8.0
1259,MANHATTAN,,13.0
1260,MANHATTAN,208.0,17.0
1261,MANHATTAN,245.0,20.0
1262,MANHATTAN,231.0,52.0
1263,MANHATTAN,146.02,28.0
1264,MANHATTAN,190.0,116.0
1265,MANHATTAN,68.0,50.0
1266,MANHATTAN,220.0,46.0
1267,MANHATTAN,208.0,17.0
1268,MANHATTAN,79.0,30.0
1269,MANHATTAN,215.0,41.0
1270,MANHATTAN,172.0,48.0
1271,MANHATTAN,170.0,20.0
1272,MANHATTAN,115.0,28.0
1273,MANHATTAN,139.0,178.0
1274,MANHATTAN,219.0,7.0
1275,MANHATTAN,236.0,10.0
1276,MANHATTAN,234.0,16.0
1277,MANHATTAN,228.0,8.0
1278,MANHATTAN,145.0,148.0
1279,MANHATTAN,193.0,18.0
1280,MANHATTAN,6.0,98.0
1281,MANHATTAN,230.0,77.0
1282,MANHATTAN,220.0,23.0
1283,MANHATTAN,190.0,6.0
1284,MANHATTAN,190.0,8.0
1285,MANHATTAN,190.0,23.0
1286,MANHATTAN,190.0,30.0
1287,MANHATTAN,230.0,60.0
1288,MANHATTAN,245.0,50.0
1289,MANHATTAN,232.0,6.0
1290,MANHATTAN,259.0,14.0
1291,MANHATTAN,113.0,30.0
1292,MANHATTAN,226.0,9.0
1293,MANHATTAN,218.0,10.0
1294,MANHATTAN,121.0,65.0
1295,MANHATTAN,224.0,25.0
1296,MANHATTAN,125.0,110.0
1297,MANHATTAN,174.01,57.0
1298,MANHATTAN,68.0,310.0
1299,MANHATTAN,206.0,24.0
1300,MANHATTAN,208.0,40.0
1301,MANHATTAN,227.0,27.0
1302,MANHATTAN,180.0,4.0
1303,MANHATTAN,180.0,5.0
1304,MANHATTAN,180.0,3.0
1305,MANHATTAN,180.0,5.0
1306,MANHATTAN,180.0,15.0
1307,MANHATTAN,198.0,5.0
1308,MANHATTAN,198.0,29.0
1309,MANHATTAN,198.0,4.0
1310,MANHATTAN,198.0,3.0
1311,MANHATTAN,182.0,53.0
1312,MANHATTAN,14.02,31.0
1313,MANHATTAN,227.0,34.0
1314,MANHATTAN,,11.0
1315,MANHATTAN,168.0,50.0
1316,MANHATTAN,180.0,29.0
1317,MANHATTAN,180.0,16.0
1318,MANHATTAN,172.0,9.0
1319,MANHATTAN,175.0,264.0
1320,MANHATTAN,38.0,17.0
1321,MANHATTAN,209.01,33.0
1322,MANHATTAN,171.0,18.0
1323,MANHATTAN,235.02,33.0
1324,MANHATTAN,22.02,37.0
1325,MANHATTAN,22.02,7.0
1326,MANHATTAN,196.0,17.0
1327,MANHATTAN,78.0,93.0
1328,MANHATTAN,56.0,333.0
1329,MANHATTAN,28.0,26.0
1330,MANHATTAN,245.0,41.0
1331,MANHATTAN,317.03,81.0
1332,MANHATTAN,32.0,29.0
1333,MANHATTAN,190.0,2.0
1334,MANHATTAN,224.0,7.0
1335,MANHATTAN,230.0,39.0
1336,MANHATTAN,230.0,13.0
1337,MANHATTAN,222.0,15.0
1338,MANHATTAN,178.0,27.0
1339,MANHATTAN,227.0,51.0
1340,MANHATTAN,136.0,36.0
1341,MANHATTAN,232.0,16.0
1342,MANHATTAN,129.0,76.0
1343,MANHATTAN,215.0,28.0
1344,MANHATTAN,173.0,53.0
1345,MANHATTAN,317.03,70.0
1346,MANHATTAN,61.0,52.0
1347,MANHATTAN,230.0,18.0
1348,MANHATTAN,230.0,31.0
1349,MANHATTAN,230.0,13.0
1350,MANHATTAN,230.0,30.0
1351,MANHATTAN,233.0,35.0
1352,MANHATTAN,233.0,35.0
1353,MANHATTAN,236.0,57.0
1354,MANHATTAN,224.0,25.0
1355,MANHATTAN,14.02,23.0
1356,MANHATTAN,227.0,60.0
1357,MANHATTAN,257.0,23.0
1358,MANHATTAN,317.04,43.0
1359,MANHATTAN,184.0,32.0
1360,MANHATTAN,156.01,43.0
1361,MANHATTAN,188.0,36.0
1362,MANHATTAN,206.0,3.0
1363,MANHATTAN,206.0,3.0
1364,MANHATTAN,234.0,18.0
1365,MANHATTAN,28.0,45.0
1366,MANHATTAN,209.01,21.0
1367,MANHATTAN,224.0,8.0
1368,MANHATTAN,208.0,18.0
1369,MANHATTAN,237.0,11.0
1370,MANHATTAN,237.0,16.0
1371,MANHATTAN,188.0,14.0
1372,MANHATTAN,151.0,104.0
1373,MANHATTAN,228.0,96.0
1374,MANHATTAN,58.0,60.0
1375,MANHATTAN,180.0,5.0
1376,MANHATTAN,170.0,9.0
1377,MANHATTAN,172.0,9.0
1378,MANHATTAN,172.0,4.0
1379,MANHATTAN,172.0,7.0
1380,MANHATTAN,170.0,9.0
1381,MANHATTAN,213.03,55.0
1382,MANHATTAN,208.0,18.0
1383,MANHATTAN,36.01,13.0
1384,MANHATTAN,226.0,32.0
1385,MANHATTAN,188.0,73.0
1386,MANHATTAN,261.0,41.0
1387,MANHATTAN,156.01,18.0
1388,MANHATTAN,317.04,41.0
1389,MANHATTAN,228.0,49.0
1390,MANHATTAN,183.0,71.0
1391,MANHATTAN,216.0,29.0
1392,MANHATTAN,191.0,10.0
1393,MANHATTAN,222.0,19.0
1394,MANHATTAN,200.0,5.0
1395,MANHATTAN,222.0,6.0
1396,MANHATTAN,222.0,17.0
1397,MANHATTAN,230.0,26.0
1398,MANHATTAN,230.0,23.0
1399,MANHATTAN,232.0,20.0
1400,MANHATTAN,237.0,6.0
1401,MANHATTAN,237.0,23.0
1402,MANHATTAN,237.0,11.0
1403,MANHATTAN,237.0,11.0
1404,MANHATTAN,184.0,22.0
1405,MANHATTAN,111.0,12.0
1406,MANHATTAN,245.0,130.0
1407,MANHATTAN,135.0,45.0
1408,MANHATTAN,158.02,32.0
1409,MANHATTAN,,20.0
1410,MANHATTAN,103.0,16.0
1411,MANHATTAN,206.0,6.0
1412,MANHATTAN,206.0,19.0
1413,MANHATTAN,206.0,4.0
1414,MANHATTAN,206.0,16.0
1415,MANHATTAN,206.0,3.0
1416,MANHATTAN,206.0,6.0
1417,MANHATTAN,221.02,40.0
1418,MANHATTAN,216.0,4.0
1419,MANHATTAN,226.0,54.0
1420,MANHATTAN,218.0,34.0
1421,MANHATTAN,26.01,40.0
1422,MANHATTAN,92.0,74.0
1423,MANHATTAN,189.0,24.0
1424,MANHATTAN,201.02,35.0
1425,MANHATTAN,182.0,91.0
1426,MANHATTAN,135.0,30.0
1427,MANHATTAN,78.0,64.0
1428,MANHATTAN,115.0,53.0
1429,MANHATTAN,206.0,60.0
1430,MANHATTAN,222.0,5.0
1431,MANHATTAN,222.0,6.0
1432,MANHATTAN,222.0,16.0
1433,MANHATTAN,208.0,19.0
1434,MANHATTAN,208.0,18.0
1435,MANHATTAN,208.0,20.0
1436,MANHATTAN,226.0,19.0
1437,MANHATTAN,223.01,12.0
1438,MANHATTAN,211.0,16.0
1439,MANHATTAN,230.0,22.0
1440,MANHATTAN,230.0,9.0
1441,MANHATTAN,230.0,13.0
1442,MANHATTAN,230.0,8.0
1443,MANHATTAN,230.0,9.0
1444,MANHATTAN,232.0,16.0
1445,MANHATTAN,232.0,12.0
1446,MANHATTAN,234.0,16.0
1447,MANHATTAN,234.0,14.0
1448,MANHATTAN,234.0,14.0
1449,MANHATTAN,135.0,45.0
1450,MANHATTAN,134.0,18.0
1451,MANHATTAN,83.0,7.0
1452,MANHATTAN,84.0,75.0
1453,MANHATTAN,226.0,46.0
1454,MANHATTAN,243.01,70.0
1455,MANHATTAN,161.0,34.0
1456,MANHATTAN,170.0,13.0
1457,MANHATTAN,172.0,18.0
1458,MANHATTAN,170.0,8.0
1459,MANHATTAN,164.0,12.0
1460,MANHATTAN,170.0,5.0
1461,MANHATTAN,225.0,27.0
1462,MANHATTAN,216.0,8.0
1463,MANHATTAN,216.0,11.0
1464,MANHATTAN,216.0,18.0
1465,MANHATTAN,218.0,19.0
1466,MANHATTAN,216.0,11.0
1467,MANHATTAN,216.0,11.0
1468,MANHATTAN,26.02,16.0
1469,MANHATTAN,121.0,64.0
1470,MANHATTAN,226.0,43.0
1471,MANHATTAN,228.0,69.0
1472,MANHATTAN,253.0,22.0
1473,MANHATTAN,261.0,20.0
1474,MANHATTAN,234.0,20.0
1475,MANHATTAN,234.0,85.0
1476,MANHATTAN,81.0,44.0
1477,MANHATTAN,184.0,129.0
1478,MANHATTAN,117.0,100.0
1479,MANHATTAN,206.0,43.0
1480,MANHATTAN,223.01,15.0
1481,MANHATTAN,230.0,44.0
1482,MANHATTAN,229.0,6.0
1483,MANHATTAN,223.01,15.0
1484,MANHATTAN,231.0,7.0
1485,MANHATTAN,232.0,15.0
1486,MANHATTAN,234.0,13.0
1487,MANHATTAN,234.0,10.0
1488,MANHATTAN,234.0,14.0
1489,MANHATTAN,234.0,8.0
1490,MANHATTAN,234.0,7.0
1491,MANHATTAN,234.0,12.0
1492,MANHATTAN,234.0,8.0
1493,MANHATTAN,87.0,52.0
1494,MANHATTAN,158.02,42.0
1495,MANHATTAN,81.0,18.0
1496,MANHATTAN,121.0,51.0
1497,MANHATTAN,125.0,92.0
1498,MANHATTAN,196.0,60.0
1499,MANHATTAN,235.02,68.0
1500,MANHATTAN,58.0,54.0
1501,MANHATTAN,223.01,69.0
1502,MANHATTAN,196.0,5.0
1503,MANHATTAN,206.0,3.0
1504,MANHATTAN,206.0,7.0
1505,MANHATTAN,206.0,11.0
1506,MANHATTAN,206.0,2.0
1507,MANHATTAN,206.0,3.0
1508,MANHATTAN,76.0,34.0
1509,MANHATTAN,30.01,52.0
1510,MANHATTAN,184.0,68.0
1511,MANHATTAN,172.0,43.0
1512,MANHATTAN,230.0,35.0
1513,MANHATTAN,129.0,22.0
1514,MANHATTAN,213.03,7.0
1515,MANHATTAN,219.0,15.0
1516,MANHATTAN,230.0,31.0
1517,MANHATTAN,31.0,66.0
1518,MANHATTAN,234.0,8.0
1519,MANHATTAN,220.0,5.0
1520,MANHATTAN,220.0,7.0
1521,MANHATTAN,91.0,167.0
1522,MANHATTAN,218.0,42.0
1523,MANHATTAN,257.0,7.0
1524,MANHATTAN,216.0,15.0
1525,MANHATTAN,216.0,16.0
1526,MANHATTAN,216.0,11.0
1527,MANHATTAN,235.02,40.0
1528,MANHATTAN,218.0,32.0
1529,MANHATTAN,190.0,41.0
1530,MANHATTAN,190.0,32.0
1531,MANHATTAN,190.0,32.0
1532,MANHATTAN,194.0,6.0
1533,MANHATTAN,242.0,5.0
1534,MANHATTAN,232.0,13.0
1535,MANHATTAN,137.0,90.0
1536,MANHATTAN,139.0,77.0
1537,MANHATTAN,178.0,45.0
1538,MANHATTAN,227.0,80.0
1539,MANHATTAN,164.0,46.0
1540,MANHATTAN,139.0,30.0
1541,MANHATTAN,220.0,20.0
1542,MANHATTAN,208.0,19.0
1543,MANHATTAN,259.0,12.0
1544,MANHATTAN,259.0,14.0
1545,MANHATTAN,259.0,5.0
1546,MANHATTAN,259.0,4.0
1547,MANHATTAN,259.0,5.0
1548,MANHATTAN,259.0,5.0
1549,MANHATTAN,234.0,10.0
1550,MANHATTAN,234.0,11.0
1551,MANHATTAN,234.0,8.0
1552,MANHATTAN,232.0,9.0
1553,MANHATTAN,230.0,5.0
1554,MANHATTAN,188.0,9.0
1555,MANHATTAN,188.0,4.0
1556,MANHATTAN,188.0,4.0
1557,MANHATTAN,194.0,3.0
1558,MANHATTAN,188.0,15.0
1559,MANHATTAN,194.0,13.0
1560,MANHATTAN,209.01,70.0
1561,MANHATTAN,209.01,70.0
1562,MANHATTAN,213.03,70.0
1563,MANHATTAN,209.01,70.0
1564,MANHATTAN,235.01,70.0
1565,MANHATTAN,209.01,70.0
1566,MANHATTAN,257.0,25.0
1567,MANHATTAN,72.0,29.0
1568,MANHATTAN,209.01,11.0
1569,MANHATTAN,213.03,7.0
1570,MANHATTAN,213.03,9.0
1571,MANHATTAN,36.01,72.0
1572,MANHATTAN,26.01,
1573,MANHATTAN,184.0,8.0
1574,MANHATTAN,182.0,6.0
1575,MANHATTAN,182.0,6.0
1576,MANHATTAN,184.0,7.0
1577,MANHATTAN,166.0,14.0
1578,MANHATTAN,184.0,6.0
1579,MANHATTAN,184.0,7.0
1580,MANHATTAN,135.0,67.0
1581,MANHATTAN,206.0,12.0
1582,MANHATTAN,242.0,4.0
1583,MANHATTAN,188.0,20.0
1584,MANHATTAN,257.0,67.0
1585,MANHATTAN,201.02,6.0
1586,MANHATTAN,135.0,120.0
1587,MANHATTAN,26.01,48.0
1588,MANHATTAN,184.0,42.0
1589,MANHATTAN,201.02,19.0
1590,MANHATTAN,236.0,55.0
1591,MANHATTAN,184.0,73.0
1592,MANHATTAN,206.0,8.0
1593,MANHATTAN,173.0,166.0
1594,MANHATTAN,152.0,39.0
1595,MANHATTAN,208.0,22.0
1596,MANHATTAN,87.0,22.0
1597,MANHATTAN,135.0,52.0
1598,MANHATTAN,36.02,53.0
1599,MANHATTAN,76.0,59.0
1600,MANHATTAN,208.0,12.0
1601,MANHATTAN,208.0,12.0
1602,MANHATTAN,224.0,19.0
1603,MANHATTAN,230.0,8.0
1604,MANHATTAN,230.0,8.0
1605,MANHATTAN,230.0,41.0
1606,MANHATTAN,243.02,6.0
1607,MANHATTAN,259.0,5.0
1608,MANHATTAN,259.0,5.0
1609,MANHATTAN,285.0,99.0
1610,MANHATTAN,209.01,70.0
1611,MANHATTAN,110.0,44.0
1612,MANHATTAN,208.0,17.0
1613,MANHATTAN,151.0,119.0
1614,MANHATTAN,129.0,71.0
1615,MANHATTAN,132.0,24.0
1616,MANHATTAN,179.0,30.0
1617,MANHATTAN,26.01,46.0
1618,MANHATTAN,174.02,52.0
1619,MANHATTAN,36.02,41.0
1620,MANHATTAN,189.0,28.0
1621,MANHATTAN,156.02,53.0
1622,MANHATTAN,6.0,108.0
1623,MANHATTAN,82.0,90.0
1624,MANHATTAN,101.0,93.0
1625,MANHATTAN,110.0,41.0
1626,MANHATTAN,64.0,21.0
1627,MANHATTAN,66.0,48.0
1628,MANHATTAN,58.0,83.0
1629,MANHATTAN,213.03,24.0
1630,MANHATTAN,196.0,124.0
1631,MANHATTAN,196.0,125.0
1632,MANHATTAN,209.01,53.0
1633,MANHATTAN,222.0,25.0
1634,MANHATTAN,187.0,136.0
1635,MANHATTAN,206.0,32.0
1636,MANHATTAN,291.0,99.0
1637,MANHATTAN,220.0,6.0
1638,MANHATTAN,218.0,7.0
1639,MANHATTAN,220.0,3.0
1640,MANHATTAN,220.0,10.0
1641,MANHATTAN,220.0,13.0
1642,MANHATTAN,220.0,7.0
1643,MANHATTAN,218.0,8.0
1644,MANHATTAN,224.0,5.0
1645,MANHATTAN,224.0,2.0
1646,MANHATTAN,215.0,9.0
1647,MANHATTAN,226.0,13.0
1648,MANHATTAN,230.0,8.0
1649,MANHATTAN,226.0,12.0
1650,MANHATTAN,15.02,27.0
1651,MANHATTAN,103.0,24.0
1652,MANHATTAN,241.0,59.0
1653,MANHATTAN,234.0,83.0
1654,MANHATTAN,236.0,84.0
1655,MANHATTAN,66.0,297.0
1656,MANHATTAN,213.03,103.0
1657,MANHATTAN,224.0,48.0
1658,MANHATTAN,215.0,
1659,MANHATTAN,216.0,14.0
1660,MANHATTAN,208.0,27.0
1661,MANHATTAN,226.0,78.0
1662,MANHATTAN,212.0,10.0
1663,MANHATTAN,212.0,62.0
1664,MANHATTAN,208.0,8.0
1665,MANHATTAN,226.0,15.0
1666,MANHATTAN,208.0,6.0
1667,MANHATTAN,208.0,7.0
1668,MANHATTAN,225.0,30.0
1669,MANHATTAN,184.0,80.0
1670,MANHATTAN,257.0,25.0
1671,MANHATTAN,,80.0
1672,MANHATTAN,206.0,258.0
1673,MANHATTAN,212.0,38.0
1674,MANHATTAN,226.0,20.0
1675,MANHATTAN,164.0,70.0
1676,MANHATTAN,245.0,38.0
1677,MANHATTAN,34.0,65.0
1678,MANHATTAN,188.0,75.0
1679,MANHATTAN,117.0,234.0
1680,MANHATTAN,216.0,12.0
1681,MANHATTAN,259.0,6.0
1682,MANHATTAN,232.0,17.0
1683,MANHATTAN,232.0,13.0
1684,MANHATTAN,188.0,8.0
1685,MANHATTAN,269.0,4.0
1686,MANHATTAN,194.0,6.0
1687,MANHATTAN,168.0,
1688,MANHATTAN,208.0,46.0
1689,MANHATTAN,135.0,
1690,MANHATTAN,228.0,58.0
1691,MANHATTAN,,54.0
1692,MANHATTAN,52.0,71.0
1693,MANHATTAN,230.0,139.0
1694,MANHATTAN,22.01,262.0
1695,MANHATTAN,196.0,221.0
1696,MANHATTAN,231.0,32.0
1697,MANHATTAN,242.0,37.0
1698,MANHATTAN,34.0,29.0
1699,MANHATTAN,22.01,262.0
1700,MANHATTAN,227.0,38.0
1701,MANHATTAN,243.01,14.0
1702,MANHATTAN,235.01,3.0
1703,MANHATTAN,235.01,3.0
1704,MANHATTAN,215.0,7.0
1705,MANHATTAN,221.02,3.0
1706,MANHATTAN,220.0,9.0
1707,MANHATTAN,228.0,7.0
1708,MANHATTAN,226.0,35.0
1709,MANHATTAN,209.01,101.0
1710,MANHATTAN,206.0,47.0
1711,MANHATTAN,99.0,80.0
1712,MANHATTAN,111.0,42.0
1713,MANHATTAN,117.0,65.0
1714,MANHATTAN,117.0,65.0
1715,MANHATTAN,99.0,168.0
1716,MANHATTAN,225.0,113.0
1717,MANHATTAN,21.0,33.0
1718,MANHATTAN,206.0,98.0
1719,MANHATTAN,259.0,8.0
1720,MANHATTAN,234.0,77.0
1721,MANHATTAN,171.0,76.0
1722,MANHATTAN,173.0,27.0
1723,MANHATTAN,242.0,175.0
1724,MANHATTAN,93.0,20.0
1725,MANHATTAN,228.0,3.0
1726,MANHATTAN,228.0,8.0
1727,MANHATTAN,230.0,9.0
1728,MANHATTAN,226.0,21.0
1729,MANHATTAN,228.0,186.0
1730,MANHATTAN,228.0,191.0
1731,MANHATTAN,259.0,6.0
1732,MANHATTAN,232.0,12.0
1733,MANHATTAN,133.0,10.0
1734,MANHATTAN,230.0,31.0
1735,MANHATTAN,230.0,19.0
1736,MANHATTAN,230.0,173.0
1737,MANHATTAN,232.0,30.0
1738,MANHATTAN,232.0,98.0
1739,MANHATTAN,232.0,184.0
1740,MANHATTAN,232.0,50.0
1741,MANHATTAN,234.0,10.0
1742,MANHATTAN,232.0,594.0
1743,MANHATTAN,232.0,160.0
1744,MANHATTAN,232.0,91.0
1745,MANHATTAN,232.0,42.0
1746,MANHATTAN,232.0,44.0
1747,MANHATTAN,232.0,85.0
1748,MANHATTAN,232.0,101.0
1749,MANHATTAN,232.0,61.0
1750,MANHATTAN,232.0,21.0
1751,MANHATTAN,234.0,41.0
1752,MANHATTAN,216.0,44.0
1753,MANHATTAN,189.0,120.0
1754,MANHATTAN,172.0,53.0
1755,MANHATTAN,206.0,40.0
1756,MANHATTAN,190.0,119.0
1757,MANHATTAN,230.0,311.0
1758,MANHATTAN,230.0,73.0
1759,MANHATTAN,166.0,63.0
1760,MANHATTAN,232.0,52.0
1761,MANHATTAN,,333.0
1762,MANHATTAN,,127.0
1763,MANHATTAN,,96.0
1764,MANHATTAN,164.0,70.0
1765,MANHATTAN,164.0,334.0
1766,MANHATTAN,164.0,884.0
1767,MANHATTAN,215.0,69.0
1768,MANHATTAN,,11.0
1769,MANHATTAN,215.0,39.0
1770,MANHATTAN,236.0,30.0
1771,MANHATTAN,30.02,23.0
1772,MANHATTAN,6.0,620.0
1773,MANHATTAN,242.0,37.0
1774,MANHATTAN,127.0,82.0
1775,MANHATTAN,171.0,76.0
1776,MANHATTAN,28.0,57.0
1777,MANHATTAN,28.0,236.0
1778,MANHATTAN,226.0,14.0
1779,MANHATTAN,91.0,59.0
1780,MANHATTAN,115.0,163.0
1781,MANHATTAN,151.0,146.0
1782,MANHATTAN,151.0,146.0
1783,MANHATTAN,215.0,69.0
1784,MANHATTAN,187.0,34.0
1785,MANHATTAN,184.0,23.0
1786,MANHATTAN,93.0,340.0
1787,MANHATTAN,135.0,44.0
1788,MANHATTAN,224.0,79.0
1789,MANHATTAN,215.0,69.0
1790,MANHATTAN,230.0,1092.0
1791,MANHATTAN,242.0,49.0
1792,MANHATTAN,199.0,97.0
1793,MANHATTAN,234.0,
1794,MANHATTAN,158.02,6.0
1795,MANHATTAN,178.0,12.0
1796,MANHATTAN,241.0,11.0
1797,MANHATTAN,232.0,486.0
1798,MANHATTAN,166.0,110.0
1799,MANHATTAN,219.0,1091.0
1800,MANHATTAN,309.0,1380.0
1801,MANHATTAN,232.0,15.0
1802,MANHATTAN,220.0,22.0
1803,MANHATTAN,26.02,16.0
1804,MANHATTAN,93.0,34.0
1805,MANHATTAN,115.0,42.0
1806,MANHATTAN,6.0,49.0
1807,MANHATTAN,230.0,21.0
1808,MANHATTAN,180.0,53.0
1809,MANHATTAN,,110.0
1810,MANHATTAN,,116.0
1811,MANHATTAN,234.0,16.0
1812,MANHATTAN,232.0,58.0
1813,MANHATTAN,234.0,12.0
1814,MANHATTAN,,1067.0
1815,MANHATTAN,,196.0
1816,MANHATTAN,,180.0
1817,MANHATTAN,232.0,70.0
1818,MANHATTAN,,117.0
1819,MANHATTAN,232.0,65.0
1820,MANHATTAN,,104.0
1821,MANHATTAN,,109.0
1822,MANHATTAN,,32.0
1823,MANHATTAN,234.0,18.0
1824,MANHATTAN,259.0,5.0
1825,MANHATTAN,234.0,19.0
1826,MANHATTAN,,47.0
1827,MANHATTAN,236.0,20.0
1828,MANHATTAN,236.0,5.0
1829,MANHATTAN,,114.0
1830,MANHATTAN,206.0,65.0
1831,MANHATTAN,259.0,402.0
1832,MANHATTAN,12.0,
1833,MANHATTAN,237.0,80.0
1834,MANHATTAN,234.0,64.0
1835,MANHATTAN,234.0,62.0
1836,MANHATTAN,206.0,46.0
1837,MANHATTAN,91.0,41.0
1838,MANHATTAN,235.01,63.0
1839,MANHATTAN,209.01,72.0
1840,MANHATTAN,212.0,67.0
1841,MANHATTAN,231.0,587.0
1842,MANHATTAN,2900.0,249.0
1843,MANHATTAN,242.0,172.0
1844,MANHATTAN,,
1845,MANHATTAN,237.0,80.0
1846,MANHATTAN,164.0,71.0
1847,MANHATTAN,215.0,45.0
1848,MANHATTAN,,
1849,MANHATTAN,156.01,48.0
1850,MANHATTAN,156.02,17.0
1851,MANHATTAN,163.0,
1852,MANHATTAN,1501.0,34.0
1853,MANHATTAN,,
1854,MANHATTAN,201.02,43.0
1855,MANHATTAN,4500.0,68.0
1856,MANHATTAN,242.0,12.0
1857,MANHATTAN,,
1858,MANHATTAN,,
1859,MANHATTAN,,
1860,MANHATTAN,26.01,15.0
1861,MANHATTAN,,
1862,MANHATTAN,232.0,
1863,MANHATTAN,,
1864,MANHATTAN,48.0,17.0
1865,MANHATTAN,,
1866,MANHATTAN,,
1867,MANHATTAN,179.0,
1868,MANHATTAN,,
1869,MANHATTAN,,
1870,MANHATTAN,,
1871,MANHATTAN,,
1872,MANHATTAN,,
1873,MANHATTAN,,
1874,MANHATTAN,,
1875,MANHATTAN,291.0,9.0
1876,MANHATTAN,,
1877,MANHATTAN,,
1878,MANHATTAN,263.0,15.0
1879,MANHATTAN,,
1880,MANHATTAN,193.0,72.0
1881,MANHATTAN,287.0,21.0
1882,MANHATTAN,,
1883,MANHATTAN,201.02,29.0
1884,MANHATTAN,229.0,35.0
1885,MANHATTAN,,
1886,MANHATTAN,135.0,
1887,MANHATTAN,135.0,
1888,MANHATTAN,166.0,7.0
1889,MANHATTAN,6.0,
1890,MANHATTAN,179.0,140.0
1891,MANHATTAN,193.0,25.0
1892,MANHATTAN,220.0,27.0
1893,MANHATTAN,213.03,
1894,MANHATTAN,18.0,60.0
1895,MANHATTAN,232.0,
1896,MANHATTAN,26.01,34.0
1897,MANHATTAN,213.03,99.0
1898,MANHATTAN,196.0,
1899,MANHATTAN,232.0,
1900,MANHATTAN,234.0,
1901,QUEENS,443.01,59.0
1902,QUEENS,87.0,16.0
1903,QUEENS,964.0,20.0
1904,QUEENS,,15.0
1905,QUEENS,254.0,220.0
1906,QUEENS,998.02,122.0
1907,QUEENS,,32.0
1908,QUEENS,,98.0
1909,QUEENS,85.0,8.0
1910,QUEENS,779.08,40.0
1911,QUEENS,1010.01,423.0
1912,QUEENS,,33.0
1913,QUEENS,997.04,298.0
1914,QUEENS,266.0,150.0
1915,QUEENS,266.0,140.0
1916,QUEENS,266.0,299.0
1917,QUEENS,142.01,27.0
1918,QUEENS,,
1919,QUEENS,,58.0
1920,QUEENS,954.0,25.0
1921,QUEENS,69.0,72.0
1922,QUEENS,845.0,132.0
1923,QUEENS,992.0,437.0
1924,QUEENS,,184.0
1925,QUEENS,1205.0,419.0
1926,QUEENS,,
1927,QUEENS,,77.0
1928,QUEENS,,
1929,QUEENS,,70.0
1930,QUEENS,,70.0
1931,QUEENS,1008.02,65.0
1932,QUEENS,1010.01,350.0
1933,QUEENS,,50.0
1934,QUEENS,,52.0
1935,QUEENS,1010.01,305.0
1936,QUEENS,,19.0
1937,QUEENS,1010.01,326.0
1938,QUEENS,,
1939,QUEENS,7201.0,71.0
1940,QUEENS,,116.0
1941,QUEENS,,65.0
1942,QUEENS,,98.0
1943,QUEENS,,91.0
1944,QUEENS,4000.0,65.0
1945,QUEENS,,
1946,QUEENS,,20.0
1947,QUEENS,700.0,12.0
1948,QUEENS,6200.0,76.0
1949,STATEN ISLAND,231.0,40.0
1950,STATEN ISLAND,213.0,38.0
1951,STATEN ISLAND,207.0,36.0
1952,STATEN ISLAND,207.0,42.0
1953,STATEN ISLAND,319.01,46.0
1954,STATEN ISLAND,231.0,28.0
1955,STATEN ISLAND,40.0,108.0
1956,STATEN ISLAND,207.0,44.0
1957,STATEN ISLAND,6.0,84.0
1958,STATEN ISLAND,97.0,190.0
1959,STATEN ISLAND,181.0,8.0
1960,STATEN ISLAND,97.0,190.0
1961,STATEN ISLAND,74.0,403.0
1962,STATEN ISLAND,81.0,59.0
1963,STATEN ISLAND,74.0,419.0
1964,STATEN ISLAND,29.0,654.0
1965,STATEN ISLAND,29.0,262.0
1966,STATEN ISLAND,29.0,104.0
1967,STATEN ISLAND,29.0,179.0
1968,STATEN ISLAND,17.0,38.0
1969,STATEN ISLAND,40.0,
1970,STATEN ISLAND,319.02,38.0
